ID,Name,Treatment,year_mo_day,response,wt
1,Joe,A,2/12/1990,2,NA
2,Mack,A,2/13/1990,2,NA
3,Greg,A,2/14/1990,3,NA
4,Tom,A,2/15/1990,3,NA
5,Vince,A,2/16/1990,3,NA
6,Sid,A,2/17/1990,1,NA
7,Vic,A,2/18/1990,1,NA
8,Ren,A,2/19/1990,3,NA
9,Tong,A,2/20/1990,1,NA
10,Martin,A,2/21/1990,1,NA
11,James,A,2/22/1990,2,NA
12,Sarah,A,2/23/1990,2,NA
13,Oleen,A,2/24/1990,1,NA
14,Renny,A,2/25/1990,3,NA
15,Arthur,A,2/26/1990,3,NA
16,John,A,2/27/1990,1,NA
17,Thomas,A,2/28/1990,2,NA
18,Trever,A,3/1/1990,3,NA
19,Eugiene,A,3/2/1990,1,NA
20,Francis,A,3/3/1990,1,NA
21,Don,A,3/4/1990,1,NA
22,Lindsey,A,3/5/1990,1,NA
23,Smith,A,3/6/1990,1,NA
24,Jacob,A,3/7/1990,3,NA
25,Alan,A,3/8/1990,2,NA
26,Ryan,A,3/9/1990,2,NA
27,Paul,A,3/10/1990,3,NA
28,Bill,A,3/11/1990,3,NA
29,Adam,A,3/12/1990,2,NA
30,Eveline,A,3/13/1990,2,NA
31,Joe,B,4/11/1992,3,NA
32,Mack,B,4/12/1992,3,NA
33,Greg,B,4/13/1992,3,NA
34,Tom,B,4/14/1992,2,NA
35,Vince,B,4/15/1992,2,NA
36,Sid,B,4/16/1992,2,NA
37,Vic,B,4/17/1992,1,NA
38,Ren,B,4/18/1992,2,NA
39,Tong,B,4/19/1992,1,NA
40,Martin,B,4/20/1992,3,NA
41,James,B,4/21/1992,2,NA
42,Sarah,B,4/22/1992,3,NA
43,Oleen,B,4/23/1992,1,NA
44,Renny,B,4/24/1992,1,NA
45,Arthur,B,4/25/1992,3,NA
46,John,B,4/26/1992,1,NA
47,Thomas,B,4/27/1992,1,NA
48,Trever,B,4/28/1992,3,NA
49,Eugiene,B,4/29/1992,3,NA
50,Francis,B,4/30/1992,1,NA
51,Don,B,5/1/1992,2,NA
52,Lindsey,B,5/2/1992,3,NA
53,Smith,B,5/3/1992,1,NA
54,Jacob,B,5/4/1992,3,NA
55,Alan,B,5/5/1992,2,NA
56,Ryan,B,5/6/1992,3,NA
57,Paul,B,5/7/1992,3,NA
58,Bill,B,5/8/1992,3,NA
59,Adam,B,5/9/1992,1,NA
60,Eveline,B,5/10/1992,NA,NA
61,Daisy,NA,NA,3,NA
62,Michael,B,NA,5,NA
63,Roy,B,5/10/1992,NA,NA
